"","Status","response","se.fit"
"1","Fished",0.000581254290903405,0.00137819235533763
"2","No-take",0.000581254290903405,0.00137819235533763
